file,threshold_m,kept_points,total_points,kept_pct,true_distance_mi,adjusted_distance_mi,distance_error_mi,distance_abs_error_mi,distance_abs_pct_error,distance_pct_error,true_gain_ft,adjusted_gain_ft,gain_error_ft,gain_abs_error_ft,gain_abs_pct_error,gain_pct_error
cathy.gpx,0,76757,76757,100.0,16.0,42.21607173233943,26.21607173233943,26.21607173233943,163.85044832712143,163.85044832712143,11000.0,92588.91372399889,81588.91372399889,81588.91372399889,741.717397490899,741.717397490899
cathy.gpx,1,33547,76757,43.7054600883307,16.0,37.13913217815141,21.139132178151407,21.139132178151407,132.1195761134463,132.1195761134463,11000.0,78705.71117999936,67705.71117999936,67705.71117999936,615.5064652727215,615.5064652727215
cathy.gpx,2,17825,76757,23.22263767473976,16.0,31.27216965844542,15.27216965844542,15.27216965844542,95.45106036528388,95.45106036528388,11000.0,61495.08070799961,50495.08070799961,50495.08070799961,459.0461882545419,459.0461882545419
cathy.gpx,3,11845,76757,15.431817293536746,16.0,27.65521400658678,11.655214006586782,11.655214006586782,72.84508754116739,72.84508754116739,11000.0,51133.5318200001,40133.5318200001,40133.5318200001,364.85028927272816,364.85028927272816
cathy.gpx,4,8131,76757,10.593170655445105,16.0,24.560877477987823,8.560877477987823,8.560877477987823,53.50548423742389,53.50548423742389,11000.0,42636.81238800009,31636.812388000093,31636.812388000093,287.6073853454554,287.6073853454554
cathy.gpx,5,6245,76757,8.13606576598877,16.0,22.841173566137513,6.841173566137513,6.841173566137513,42.75733478835946,42.75733478835946,11000.0,36980.97231200006,25980.972312000064,25980.972312000064,236.19065738181874,236.19065738181874
cathy.gpx,6,4938,76757,6.433289471969983,16.0,21.134295017495358,5.134295017495358,5.134295017495358,32.08934385934599,32.08934385934599,11000.0,32588.583720000035,21588.583720000035,21588.583720000035,196.2598520000003,196.2598520000003
cathy.gpx,7,4090,76757,5.328504240655575,16.0,20.01889091168519,4.01889091168519,4.01889091168519,25.11806819803244,25.11806819803244,11000.0,29491.470760000047,18491.470760000047,18491.470760000047,168.10427963636408,168.10427963636408
cathy.gpx,8,3501,76757,4.561147517490261,16.0,19.383072489741494,3.383072489741494,3.383072489741494,21.144203060884337,21.144203060884337,11000.0,27252.625544000042,16252.625544000042,16252.625544000042,147.75114130909128,147.75114130909128
cathy.gpx,9,3003,76757,3.9123467566476022,16.0,18.520190123896203,2.520190123896203,2.520190123896203,15.751188274351268,15.751188274351268,11000.0,24756.234388000034,13756.234388000034,13756.234388000034,125.05667625454575,125.05667625454575
cathy.gpx,10,2662,76757,3.4680876011308412,16.0,18.087765407917367,2.0877654079173666,2.0877654079173666,13.048533799483542,13.048533799483542,11000.0,23506.23434800002,12506.23434800002,12506.23434800002,113.6930395272729,113.6930395272729
cathy.gpx,11,2365,76757,3.0811522076162436,16.0,17.494176747278672,1.4941767472786722,1.4941767472786722,9.338604670491701,9.338604670491701,11000.0,22674.541407999997,11674.541407999997,11674.541407999997,106.1321946181818,106.1321946181818
cathy.gpx,12,2120,76757,2.7619630782860196,16.0,17.05571818103051,1.0557181810305103,1.0557181810305103,6.598238631440689,6.598238631440689,11000.0,20990.15815200002,9990.158152000022,9990.158152000022,90.81961956363656,90.81961956363656
cathy.gpx,13,1932,76757,2.5170342770040515,16.0,16.725508125974194,0.7255081259741942,0.7255081259741942,4.534425787338714,4.534425787338714,11000.0,20931.43111600002,9931.431116000022,9931.431116000022,90.28573741818201,90.28573741818201
cathy.gpx,14,1771,76757,2.3072814205870475,16.0,16.469051895227707,0.4690518952277074,0.4690518952277074,2.9315743451731713,2.9315743451731713,11000.0,19542.97962800001,8542.979628000008,8542.979628000008,77.66345116363644,77.66345116363644
cathy.gpx,15,1628,76757,2.1209791940800184,16.0,16.112807105919565,0.11280710591956478,0.11280710591956478,0.7050444119972799,0.7050444119972799,11000.0,18334.318172000003,7334.318172000003,7334.318172000003,66.67561974545457,66.67561974545457
cathy.gpx,16,1486,76757,1.9359797803457666,16.0,15.646672663078116,-0.35332733692188434,0.35332733692188434,2.208295855761777,-2.208295855761777,11000.0,16925.52547600001,5925.52547600001,5925.52547600001,53.8684134181819,53.8684134181819
cathy.gpx,17,1384,76757,1.8030928775225712,16.0,15.446426084996814,-0.5535739150031862,0.5535739150031862,3.4598369687699138,-3.4598369687699138,11000.0,16922.244636000036,5922.244636000036,5922.244636000036,53.838587600000324,53.838587600000324
cathy.gpx,18,1297,76757,1.6897481662910223,16.0,15.26699269365644,-0.7330073063435592,0.7330073063435592,4.581295664647245,-4.581295664647245,11000.0,16439.304987999996,5439.304987999996,5439.304987999996,49.448227163636325,49.448227163636325
cathy.gpx,19,1205,76757,1.5698893911955911,16.0,14.938355107336298,-1.0616448926637023,1.0616448926637023,6.635280579148139,-6.635280579148139,11000.0,16304.462464000007,5304.4624640000075,5304.4624640000075,48.22238603636371,48.22238603636371
cathy.gpx,20,1136,76757,1.479995309874018,16.0,14.77559107719435,-1.2244089228056492,1.2244089228056492,7.652555767535308,-7.652555767535308,11000.0,15817.585808000009,4817.585808000009,4817.585808000009,43.7962346181819,43.7962346181819
cathy.gpx,21,1083,76757,1.4109462329168674,16.0,14.80183050966829,-1.1981694903317095,1.1981694903317095,7.488559314573184,-7.488559314573184,11000.0,15686.024124000007,4686.024124000007,4686.024124000007,42.60021930909097,42.60021930909097
cathy.gpx,22,1034,76757,1.3471084070508228,16.0,14.739938208090784,-1.2600617919092159,1.2600617919092159,7.875386199432599,-7.875386199432599,11000.0,15540.026744,4540.026744000001,4540.026744000001,41.272970400000005,41.272970400000005
cathy.gpx,23,972,76757,1.2663340151386844,16.0,14.423315811305123,-1.5766841886948768,1.5766841886948768,9.85427617934298,-9.85427617934298,11000.0,15056.102844000006,4056.1028440000064,4056.1028440000064,36.87366221818188,36.87366221818188
cathy.gpx,24,943,76757,1.2285524447281682,16.0,14.604837607542548,-1.3951623924574523,1.3951623924574523,8.719764952859077,-8.719764952859077,11000.0,15248.360068000009,4248.360068000009,4248.360068000009,38.62145516363645,38.62145516363645
cathy.gpx,25,890,76757,1.1595033677710176,16.0,14.292028680519627,-1.7079713194803734,1.7079713194803734,10.674820746752333,-10.674820746752333,11000.0,14674.213067999995,3674.2130679999955,3674.2130679999955,33.40193698181814,33.40193698181814
cathy.gpx,26,846,76757,1.1021796057688549,16.0,14.134642063511492,-1.8653579364885076,1.8653579364885076,11.658487103053172,-11.658487103053172,11000.0,14182.415152000009,3182.4151520000087,3182.4151520000087,28.931046836363716,28.931046836363716
cathy.gpx,27,808,76757,1.0526727204033508,16.0,13.994444632015101,-2.0055553679848988,2.0055553679848988,12.534721049905617,-12.534721049905617,11000.0,14036.417772000006,3036.417772000006,3036.417772000006,27.603797927272783,27.603797927272783
cathy.gpx,28,771,76757,1.004468647810623,16.0,13.844860915421842,-2.155139084578158,2.155139084578158,13.469619278613488,-13.469619278613488,11000.0,14294.61988,3294.61988,3294.61988,29.95108981818182,29.95108981818182
cathy.gpx,29,743,76757,0.9679898901728833,16.0,13.796909807864257,-2.2030901921357433,2.2030901921357433,13.769313700848397,-13.769313700848397,11000.0,13537.402008000003,2537.4020080000028,2537.4020080000028,23.067290981818207,23.067290981818207
cathy.gpx,30,719,76757,0.936722383626249,16.0,13.787697112051788,-2.212302887948212,2.212302887948212,13.826893049676325,-13.826893049676325,11000.0,13312.336384000004,2312.336384000004,2312.336384000004,21.021239854545488,21.021239854545488
loop.gpx,0,52424,52424,100.0,28.0,32.212318521181274,4.212318521181274,4.212318521181274,15.04399471850455,15.04399471850455,11000.0,22540.355052001476,11540.355052001476,11540.355052001476,104.91231865455887,104.91231865455887
loop.gpx,1,27148,52424,51.78544178238974,28.0,30.01926076955239,2.019260769552389,2.019260769552389,7.211645605544247,7.211645605544247,11000.0,18513.452036001032,7513.452036001032,7513.452036001032,68.30410941819119,68.30410941819119
loop.gpx,2,15544,52424,29.65054173660919,28.0,28.612372591752848,0.6123725917528482,0.6123725917528482,2.1870449705458865,2.1870449705458865,11000.0,15849.081872000517,4849.081872000517,4849.081872000517,44.08256247273197,44.08256247273197
loop.gpx,3,11862,52424,22.62704104990081,28.0,27.854104788472245,-0.14589521152775475,0.14589521152775475,0.5210543268848384,-0.5210543268848384,11000.0,14495.735372000272,3495.735372000272,3495.735372000272,31.779412472729746,31.779412472729746
loop.gpx,4,9110,52424,17.377537005951474,28.0,27.289745818391722,-0.7102541816082777,0.7102541816082777,2.5366220771724204,-2.5366220771724204,11000.0,13338.255019999997,2338.255019999997,2338.255019999997,21.256863818181788,21.256863818181788
loop.gpx,5,7375,52424,14.06798412940638,28.0,26.89950299086732,-1.1004970091326811,1.1004970091326811,3.9303464611881465,-3.9303464611881465,11000.0,12776.247127999999,1776.247127999999,1776.247127999999,16.147701163636356,16.147701163636356
loop.gpx,6,6160,52424,11.75034335418892,28.0,26.567127911248992,-1.432872088751008,1.432872088751008,5.117400316967886,-5.117400316967886,11000.0,12494.751055999996,1494.7510559999955,1494.7510559999955,13.588645963636322,13.588645963636322
loop.gpx,7,5354,52424,10.212879597131085,28.0,26.331005648121288,-1.6689943518787125,1.6689943518787125,5.960694113852544,-5.960694113852544,11000.0,11905.18410800001,905.1841080000104,905.1841080000104,8.228946436363731,8.228946436363731
loop.gpx,8,4731,52424,9.024492598809704,28.0,26.119947598840657,-1.8800524011593431,1.8800524011593431,6.714472861283369,-6.714472861283369,11000.0,11708.005623999996,708.0056239999958,708.0056239999958,6.436414763636325,6.436414763636325
loop.gpx,9,4234,52424,8.0764535327331,28.0,25.96719316517571,-2.0328068348242887,2.0328068348242887,7.260024410086745,-7.260024410086745,11000.0,11616.798271999995,616.7982719999945,616.7982719999945,5.607257018181769,5.607257018181769
loop.gpx,10,3795,52424,7.239050816419961,28.0,25.72681535737402,-2.2731846426259814,2.2731846426259814,8.118516580807077,-8.118516580807077,11000.0,11492.782519999997,492.782519999997,492.782519999997,4.479841090909064,4.479841090909064
loop.gpx,11,3470,52424,6.619105753090188,28.0,25.614708929883445,-2.385291070116555,2.385291070116555,8.518896678987696,-8.518896678987696,11000.0,11411.745772,411.7457720000002,411.7457720000002,3.7431433818181836,3.7431433818181836
loop.gpx,12,3170,52424,6.0468487715550125,28.0,25.434980825486758,-2.5650191745132425,2.5650191745132425,9.160782766118723,-9.160782766118723,11000.0,11294.291699999996,294.2916999999961,294.2916999999961,2.675379090909056,2.675379090909056
loop.gpx,13,2937,52424,5.602395849229361,28.0,25.385023644022883,-2.6149763559771166,2.6149763559771166,9.339201271346845,-9.339201271346845,11000.0,11191.601407999988,191.6014079999877,191.6014079999877,1.74183098181807,1.74183098181807
loop.gpx,14,2724,52424,5.196093392339386,28.0,25.21466909023821,-2.7853309097617895,2.7853309097617895,9.947610392006391,-9.947610392006391,11000.0,11065.617151999997,65.61715199999708,65.61715199999708,0.5965195636363371,0.5965195636363371
loop.gpx,15,2547,52424,4.858461773233634,28.0,25.169352427928253,-2.830647572071747,2.830647572071747,10.109455614541954,-10.109455614541954,11000.0,10959.974103999999,-40.02589600000101,40.02589600000101,0.363871781818191,-0.363871781818191
loop.gpx,16,2390,52424,4.558980619563559,28.0,25.07648513739068,-2.92351486260932,2.92351486260932,10.441124509319,-10.441124509319,11000.0,11005.249696000003,5.2496960000025865,5.2496960000025865,0.0477245090909326,0.0477245090909326
loop.gpx,17,2243,52424,4.278574698611323,28.0,24.966439954342796,-3.033560045657204,3.033560045657204,10.8341430202043,-10.8341430202043,11000.0,10971.128959999996,-28.87104000000363,28.87104000000363,0.262464000000033,-0.262464000000033
loop.gpx,18,2120,52424,4.043949336181901,28.0,24.91233991904372,-3.0876600809562795,3.0876600809562795,11.027357431986713,-11.027357431986713,11000.0,10811.352051999995,-188.64794800000527,188.64794800000527,1.7149813454545935,-1.7149813454545935
loop.gpx,19,2005,52424,3.824584159926751,28.0,24.767528698155516,-3.232471301844484,3.232471301844484,11.5445403637303,-11.5445403637303,11000.0,10668.307428,-331.6925719999999,331.6925719999999,3.0153870181818174,-3.0153870181818174
loop.gpx,20,1894,52424,3.612849076758737,28.0,24.616205475152302,-3.3837945248476977,3.3837945248476977,12.084980445884634,-12.084980445884634,11000.0,10671.916351999998,-328.08364800000163,328.08364800000163,2.982578618181833,-2.982578618181833
loop.gpx,21,1803,52424,3.4392644590264005,28.0,24.531053647821565,-3.4689463521784347,3.4689463521784347,12.389094114922981,-12.389094114922981,11000.0,10621.7195,-378.28050000000076,378.28050000000076,3.4389136363636434,-3.4389136363636434
loop.gpx,22,1713,52424,3.267587364565848,28.0,24.394662251925695,-3.605337748074305,3.605337748074305,12.876206243122517,-12.876206243122517,11000.0,10620.407164000004,-379.59283599999617,379.59283599999617,3.450843963636329,-3.450843963636329
loop.gpx,23,1655,52424,3.1569510148023805,28.0,24.545942641274834,-3.4540573587251657,3.4540573587251657,12.335919138304163,-12.335919138304163,11000.0,10636.483280000002,-363.5167199999978,363.5167199999978,3.3046974545454346,-3.3046974545454346
loop.gpx,24,1578,52424,3.0100717228750193,28.0,24.388438028633416,-3.6115619713665836,3.6115619713665836,12.898435612023512,-12.898435612023512,11000.0,10627.953095999996,-372.04690400000436,372.04690400000436,3.3822445818182216,-3.3822445818182216
loop.gpx,25,1510,52424,2.8803601403937127,28.0,24.31702355061326,-3.6829764493867394,3.6829764493867394,13.153487319238355,-13.153487319238355,11000.0,10546.26018,-453.7398200000007,453.7398200000007,4.124907454545461,-4.124907454545461
loop.gpx,26,1454,52424,2.7735388371738137,28.0,24.281542200622955,-3.7184577993770453,3.7184577993770453,13.280206426346592,-13.280206426346592,11000.0,10594.488528000002,-405.5114719999983,405.5114719999983,3.6864679272727123,-3.6864679272727123
loop.gpx,27,1397,52424,2.6648100106821304,28.0,24.225394198729518,-3.774605801270482,3.774605801270482,13.480735004537436,-13.480735004537436,11000.0,10513.123695999993,-486.8763040000067,486.8763040000067,4.426148218181879,-4.426148218181879
loop.gpx,28,1340,52424,2.556081184190447,28.0,24.080022473656726,-3.919977526343274,3.919977526343274,13.999919736940264,-13.999919736940264,11000.0,10486.548892,-513.4511079999993,513.4511079999993,4.6677373454545386,-4.6677373454545386
loop.gpx,29,1299,52424,2.4778727300473067,28.0,24.120040696798917,-3.8799593032010833,3.8799593032010833,13.85699751143244,-13.85699751143244,11000.0,10560.367792000001,-439.6322079999991,439.6322079999991,3.9966564363636277,-3.9966564363636277
loop.gpx,30,1252,52424,2.3882191362734626,28.0,24.00726887037139,-3.992731129628609,3.992731129628609,14.259754034387889,-14.259754034387889,11000.0,10443.897971999995,-556.1020280000048,556.1020280000048,5.055472981818225,-5.055472981818225
moran.gpx,0,44899,44899,100.0,20.0,21.313495955787083,1.313495955787083,1.313495955787083,6.5674797789354145,6.5674797789354145,6000.0,14856.627772000618,8856.627772000618,8856.627772000618,147.61046286667695,147.61046286667695
moran.gpx,1,18541,44899,41.294906345352906,20.0,19.406774704703558,-0.5932252952964419,0.5932252952964419,2.9661264764822093,-2.9661264764822093,6000.0,12098.753667999978,6098.753667999978,6098.753667999978,101.64589446666629,101.64589446666629
moran.gpx,2,10282,44899,22.900287311521414,20.0,17.939445467355405,-2.060554532644595,2.060554532644595,10.302772663222974,-10.302772663222974,6000.0,10070.53837999998,4070.53837999998,4070.53837999998,67.842306333333,67.842306333333
moran.gpx,3,7473,44899,16.644023252188244,20.0,17.19749207033376,-2.802507929666241,2.802507929666241,14.012539648331208,-14.012539648331208,6000.0,8776.246999999981,2776.246999999981,2776.246999999981,46.27078333333302,46.27078333333302
moran.gpx,4,5635,44899,12.55039087730239,20.0,16.664774929402572,-3.335225070597428,3.335225070597428,16.67612535298714,-16.67612535298714,6000.0,8139.435955999994,2139.435955999994,2139.435955999994,35.657265933333235,35.657265933333235
moran.gpx,5,4533,44899,10.095993229247867,20.0,16.30731604184992,-3.6926839581500808,3.6926839581500808,18.463419790750404,-18.463419790750404,6000.0,7723.097359999999,1723.0973599999988,1723.0973599999988,28.718289333333313,28.718289333333313
moran.gpx,6,3807,44899,8.479030713378917,20.0,16.114199205154897,-3.885800794845103,3.885800794845103,19.429003974225516,-19.429003974225516,6000.0,7426.181339999998,1426.1813399999983,1426.1813399999983,23.76968899999997,23.76968899999997
moran.gpx,7,3290,44899,7.327557406623756,20.0,15.932408031662904,-4.067591968337096,4.067591968337096,20.33795984168548,-20.33795984168548,6000.0,7249.672147999995,1249.672147999995,1249.672147999995,20.82786913333325,20.82786913333325
moran.gpx,8,2897,44899,6.452259515802133,20.0,15.804086000180025,-4.195913999819975,4.195913999819975,20.979569999099876,-20.979569999099876,6000.0,7073.491039999998,1073.491039999998,1073.491039999998,17.8915173333333,17.8915173333333
moran.gpx,9,2563,44899,5.708367669658567,20.0,15.61060961265504,-4.38939038734496,4.38939038734496,21.9469519367248,-21.9469519367248,6000.0,6878.937227999996,878.9372279999961,878.9372279999961,14.648953799999937,14.648953799999937
moran.gpx,10,2307,44899,5.1381990690215815,20.0,15.522505753503486,-4.477494246496514,4.477494246496514,22.387471232482568,-22.387471232482568,6000.0,6697.506775999991,697.5067759999911,697.5067759999911,11.625112933333185,11.625112933333185
moran.gpx,11,2103,44899,4.683845965388985,20.0,15.421650654752927,-4.578349345247073,4.578349345247073,22.891746726235365,-22.891746726235365,6000.0,6700.459531999997,700.4595319999971,700.4595319999971,11.674325533333285,11.674325533333285
moran.gpx,12,1922,44899,4.280718946969865,20.0,15.300720366925129,-4.699279633074871,4.699279633074871,23.49639816537436,-23.49639816537436,6000.0,6611.548767999996,611.548767999996,611.548767999996,10.1924794666666,10.1924794666666
moran.gpx,13,1775,44899,3.953317445822847,20.0,15.227667999305035,-4.7723320006949645,4.7723320006949645,23.86166000347482,-23.86166000347482,6000.0,6453.412279999999,453.41227999999865,453.41227999999865,7.55687133333331,7.55687133333331
moran.gpx,14,1651,44899,3.677142029889307,20.0,15.18435945175532,-4.81564054824468,4.81564054824468,24.0782027412234,-24.0782027412234,6000.0,6438.320415999997,438.32041599999684,438.32041599999684,7.305340266666614,7.305340266666614
moran.gpx,15,1540,44899,3.429920488206864,20.0,15.101936074549693,-4.898063925450307,4.898063925450307,24.490319627251537,-24.490319627251537,6000.0,6402.887343999997,402.88734399999703,402.88734399999703,6.714789066666617,6.714789066666617
moran.gpx,16,1445,44899,3.2183344840642327,20.0,15.091109296945215,-4.9088907030547855,4.9088907030547855,24.54445351527393,-24.54445351527393,6000.0,6404.527763999997,404.52776399999675,404.52776399999675,6.742129399999945,6.742129399999945
moran.gpx,17,1362,44899,3.03347513307646,20.0,15.06196100992966,-4.938038990070339,4.938038990070339,24.690194950351696,-24.690194950351696,6000.0,6353.674743999996,353.6747439999963,353.6747439999963,5.894579066666605,5.894579066666605
moran.gpx,18,1282,44899,2.8552974453774027,20.0,14.962978627521345,-5.037021372478655,5.037021372478655,25.185106862393276,-25.185106862393276,6000.0,6309.383403999994,309.3834039999938,309.3834039999938,5.156390066666563,5.156390066666563
moran.gpx,19,1215,44899,2.7060736319294416,20.0,14.94018091852397,-5.05981908147603,5.05981908147603,25.29909540738015,-25.29909540738015,6000.0,6306.1025639999925,306.1025639999925,306.1025639999925,5.1017093999998755,5.1017093999998755
moran.gpx,20,1152,44899,2.5657587028664333,20.0,14.889863762116622,-5.110136237883378,5.110136237883378,25.550681189416892,-25.550681189416892,6000.0,6260.170803999997,260.1708039999967,260.1708039999967,4.336180066666611,4.336180066666611
moran.gpx,21,1099,44899,2.4477159847658077,20.0,14.858888205572914,-5.141111794427086,5.141111794427086,25.705558972135435,-25.705558972135435,6000.0,6278.543507999996,278.5435079999961,278.5435079999961,4.642391799999935,4.642391799999935
moran.gpx,22,1052,44899,2.343036593242611,20.0,14.873716108498733,-5.1262838915012665,5.1262838915012665,25.631419457506333,-25.631419457506333,6000.0,6296.260043999998,296.26004399999783,296.26004399999783,4.937667399999964,4.937667399999964
moran.gpx,23,1005,44899,2.2383572017194147,20.0,14.847667489613475,-5.152332510386525,5.152332510386525,25.76166255193263,-25.76166255193263,6000.0,6326.115687999995,326.1156879999953,326.1156879999953,5.435261466666589,5.435261466666589
moran.gpx,24,961,44899,2.1403594734849327,20.0,14.796913276536785,-5.203086723463215,5.203086723463215,26.015433617316074,-26.015433617316074,6000.0,6220.800723999997,220.800723999997,220.800723999997,3.6800120666666167,3.6800120666666167
moran.gpx,25,926,44899,2.062406735116595,20.0,14.822223956162755,-5.177776043837245,5.177776043837245,25.888880219186223,-25.888880219186223,6000.0,6296.58812799999,296.5881279999903,296.5881279999903,4.943135466666505,4.943135466666505
moran.gpx,26,891,44899,1.984453996748257,20.0,14.829209604481512,-5.1707903955184875,5.1707903955184875,25.853951977592438,-25.853951977592438,6000.0,6286.4175239999995,286.4175239999995,286.4175239999995,4.773625399999991,4.773625399999991
moran.gpx,27,854,44899,1.9020468161874429,20.0,14.742101653236487,-5.257898346763513,5.257898346763513,26.289491733817567,-26.289491733817567,6000.0,6168.635367999992,168.635367999992,168.635367999992,2.8105894666665336,2.8105894666665336
moran.gpx,28,826,44899,1.8396846254927726,20.0,14.76350091247421,-5.2364990875257895,5.2364990875257895,26.18249543762895,-26.18249543762895,6000.0,6263.123559999994,263.12355999999363,263.12355999999363,4.385392666666561,4.385392666666561
moran.gpx,29,792,44899,1.7639591082206731,20.0,14.664008457275468,-5.335991542724532,5.335991542724532,26.67995771362266,-26.67995771362266,6000.0,6136.811219999999,136.81121999999868,136.81121999999868,2.280186999999978,2.280186999999978
moran.gpx,30,769,44899,1.712733023007194,20.0,14.702437100054674,-5.297562899945326,5.297562899945326,26.487814499726632,-26.487814499726632,6000.0,6138.779723999995,138.77972399999544,138.77972399999544,2.312995399999924,2.312995399999924
disappointment.gpx,0,16227,16227,100.0,13.0,16.35526696544088,3.3552669654408795,3.3552669654408795,25.809745888006763,25.809745888006763,5000.0,5433.727208000008,433.72720800000843,433.72720800000843,8.674544160000169,8.674544160000169
disappointment.gpx,1,11465,16227,70.65384852406483,13.0,15.962630958431323,2.9626309584313226,2.9626309584313226,22.789468911010175,22.789468911010175,5000.0,5425.853192000008,425.85319200000777,425.85319200000777,8.517063840000155,8.517063840000155
disappointment.gpx,2,7047,16227,43.427620632279535,13.0,15.639159065474207,2.6391590654742068,2.6391590654742068,20.30122358057082,20.30122358057082,5000.0,5380.905684000005,380.90568400000484,380.90568400000484,7.618113680000096,7.618113680000096
disappointment.gpx,3,5995,16227,36.94459850865841,13.0,15.502790290052708,2.502790290052708,2.502790290052708,19.252233000405447,19.252233000405447,5000.0,5369.094660000007,369.094660000007,369.094660000007,7.381893200000141,7.381893200000141
disappointment.gpx,4,4748,16227,29.25987551611512,13.0,15.38769663463636,2.3876966346363595,2.3876966346363595,18.36689718951046,18.36689718951046,5000.0,5360.236392000004,360.23639200000434,360.23639200000434,7.204727840000087,7.204727840000087
disappointment.gpx,5,3857,16227,23.7690269304246,13.0,15.269188238474515,2.2691882384745146,2.2691882384745146,17.45529414211165,17.45529414211165,5000.0,5345.472612000007,345.47261200000685,345.47261200000685,6.909452240000137,6.909452240000137
disappointment.gpx,6,3278,16227,20.200899735009553,13.0,15.222820927367271,2.2228209273672714,2.2228209273672714,17.09862251820978,17.09862251820978,5000.0,5339.8951840000045,339.8951840000045,339.8951840000045,6.797903680000091,6.797903680000091
disappointment.gpx,7,2864,16227,17.649596351759413,13.0,15.135106747906846,2.135106747906846,2.135106747906846,16.42389806082189,16.42389806082189,5000.0,5330.7088320000075,330.70883200000753,330.70883200000753,6.614176640000151,6.614176640000151
disappointment.gpx,8,2573,16227,15.856288901214027,13.0,15.05562224808812,2.0556222480881203,2.0556222480881203,15.81247883144708,15.81247883144708,5000.0,5323.819068000006,323.81906800000615,323.81906800000615,6.476381360000123,6.476381360000123
disappointment.gpx,9,2311,16227,14.241695938867318,13.0,15.007832438252224,2.0078324382522243,2.0078324382522243,15.444864909632495,15.444864909632495,5000.0,5329.068412000005,329.0684120000051,329.0684120000051,6.581368240000102,6.581368240000102
disappointment.gpx,10,2081,16227,12.82430517039502,13.0,14.91623876513455,1.9162387651345494,1.9162387651345494,14.740298193342689,14.740298193342689,5000.0,5333.333504000002,333.333504000002,333.333504000002,6.666670080000039,6.666670080000039
disappointment.gpx,11,1914,16227,11.79515622111296,13.0,14.915924070766966,1.915924070766966,1.915924070766966,14.737877467438201,14.737877467438201,5000.0,5326.115656000004,326.1156560000036,326.1156560000036,6.522313120000072,6.522313120000072
disappointment.gpx,12,1754,16227,10.809145251740926,13.0,14.77067052122336,1.7706705212233604,1.7706705212233604,13.620542470948926,13.620542470948926,5000.0,5326.771824000004,326.771824000004,326.771824000004,6.53543648000008,6.53543648000008
disappointment.gpx,13,1630,16227,10.0449867504776,13.0,14.7611742380711,1.7611742380710993,1.7611742380710993,13.547494139008457,13.547494139008457,5000.0,5324.803320000004,324.8033200000036,324.8033200000036,6.496066400000072,6.496066400000072
disappointment.gpx,14,1520,16227,9.367104209034325,13.0,14.734701632979831,1.7347016329798315,1.7347016329798315,13.343858715229473,13.343858715229473,5000.0,5312.008043999997,312.0080439999974,312.0080439999974,6.240160879999949,6.240160879999949
disappointment.gpx,15,1419,16227,8.74468478461823,13.0,14.666180441979085,1.666180441979085,1.666180441979085,12.816772630608348,12.816772630608348,5000.0,5324.475235999998,324.4752359999984,324.4752359999984,6.489504719999968,6.489504719999968
disappointment.gpx,16,1330,16227,8.196216182905035,13.0,14.576287651348535,1.5762876513485349,1.5762876513485349,12.125289625757961,12.125289625757961,5000.0,5316.929304000003,316.92930400000296,316.92930400000296,6.338586080000059,6.338586080000059
disappointment.gpx,17,1251,16227,7.709373266777593,13.0,14.516242652135857,1.5162426521358565,1.5162426521358565,11.663405016429666,11.663405016429666,5000.0,5320.538228,320.53822800000034,320.53822800000034,6.410764560000007,6.410764560000007
disappointment.gpx,18,1184,16227,7.296481173353053,13.0,14.518687683989155,1.518687683989155,1.518687683989155,11.68221295376273,11.68221295376273,5000.0,5320.538228000005,320.5382280000049,320.5382280000049,6.410764560000098,6.410764560000098
disappointment.gpx,19,1128,16227,6.951377334072842,13.0,14.524190974052235,1.5241909740522352,1.5241909740522352,11.724545954247963,11.724545954247963,5000.0,5304.790195999998,304.7901959999981,304.7901959999981,6.095803919999962,6.095803919999962
disappointment.gpx,20,1072,16227,6.606273494792629,13.0,14.461045420332878,1.4610454203328782,1.4610454203328782,11.238810925637525,11.238810925637525,5000.0,5315.288884000004,315.28888400000415,315.28888400000415,6.305777680000083,6.305777680000083
disappointment.gpx,21,1015,16227,6.255007086953842,13.0,14.381901231429726,1.381901231429726,1.381901231429726,10.630009472536354,10.630009472536354,5000.0,5311.351876000001,311.35187600000063,311.35187600000063,6.227037520000012,6.227037520000012
disappointment.gpx,22,968,16227,5.965366364700808,13.0,14.341519119433379,1.3415191194333786,1.3415191194333786,10.31937784179522,10.31937784179522,5000.0,5312.992296000003,312.9922960000031,312.9922960000031,6.259845920000062,6.259845920000062
disappointment.gpx,23,927,16227,5.712701053799223,13.0,14.288668228929065,1.2886682289290654,1.2886682289290654,9.912832530223579,9.912832530223579,5000.0,5297.572348000001,297.5723480000006,297.5723480000006,5.951446960000012,5.951446960000012
disappointment.gpx,24,887,16227,5.466198311456215,13.0,14.262450618342934,1.2624506183429336,1.2624506183429336,9.711158602637951,9.711158602637951,5000.0,5292.6510880000005,292.6510880000005,292.6510880000005,5.8530217600000105,5.8530217600000105
disappointment.gpx,25,856,16227,5.275158686140383,13.0,14.290074971255793,1.2900749712557928,1.2900749712557928,9.923653625044562,9.923653625044562,5000.0,5302.165524000005,302.16552400000455,302.16552400000455,6.04331048000009,6.04331048000009
disappointment.gpx,26,816,16227,5.028655943797375,13.0,14.145786812687092,1.145786812687092,1.145786812687092,8.81374471297763,8.81374471297763,5000.0,5297.900432,297.90043200000036,297.90043200000036,5.958008640000007,5.958008640000007
disappointment.gpx,27,791,16227,4.874591729832995,13.0,14.195767912886549,1.1957679128865486,1.1957679128865486,9.198214714511913,9.198214714511913,5000.0,5282.808567999997,282.80856799999674,282.80856799999674,5.656171359999935,5.656171359999935
disappointment.gpx,28,763,16227,4.702039810192889,13.0,14.178306146634409,1.1783061466344087,1.1783061466344087,9.063893435649298,9.063893435649298,5000.0,5297.244264000001,297.24426400000084,297.24426400000084,5.944885280000016,5.944885280000016
disappointment.gpx,29,733,16227,4.517162753435632,13.0,14.11999904342461,1.1199990434246097,1.1199990434246097,8.615377257112382,8.615377257112382,5000.0,5266.732451999999,266.7324519999993,266.7324519999993,5.334649039999985,5.334649039999985
disappointment.gpx,30,708,16227,4.363098539471252,13.0,14.076431625670873,1.0764316256708728,1.0764316256708728,8.280243274391328,8.280243274391328,5000.0,5271.981795999995,271.9817959999946,271.9817959999946,5.439635919999891,5.439635919999891
os.gpx,0,23830,23830,100.0,16.0,21.107526186685778,5.107526186685778,5.107526186685778,31.92203866678611,31.92203866678611,7000.0,18577.100332000045,11577.100332000045,11577.100332000045,165.38714760000065,165.38714760000065
os.gpx,1,15516,23830,65.11120436424675,16.0,20.035400699218616,4.035400699218616,4.035400699218616,25.221254370116352,25.221254370116352,7000.0,16703.41260800002,9703.41260800002,9703.41260800002,138.620180114286,138.620180114286
os.gpx,2,9250,23830,38.81661770877046,16.0,18.513737304301483,2.5137373043014826,2.5137373043014826,15.710858151884267,15.710858151884267,7000.0,14059.05556800002,7059.05556800002,7059.05556800002,100.84365097142884,100.84365097142884
os.gpx,3,7231,23830,30.344104070499373,16.0,17.703479619947853,1.7034796199478528,1.7034796199478528,10.64674762467408,10.64674762467408,7000.0,12548.884915999997,5548.884915999997,5548.884915999997,79.26978451428567,79.26978451428567
os.gpx,4,5386,23830,22.60176248426353,16.0,16.910624086628903,0.9106240866289035,0.9106240866289035,5.691400541430647,5.691400541430647,7000.0,11208.333691999982,4208.333691999982,4208.333691999982,60.11905274285688,60.11905274285688
os.gpx,5,4290,23830,18.00251783466219,16.0,16.371038428352527,0.3710384283525272,0.3710384283525272,2.318990177203295,2.318990177203295,7000.0,10403.215555999996,3403.2155559999956,3403.2155559999956,48.61736508571422,48.61736508571422
os.gpx,6,3557,23830,14.92656315568611,16.0,15.888154824678066,-0.11184517532193361,0.11184517532193361,0.6990323457620851,-0.6990323457620851,7000.0,9321.850691999998,2321.850691999998,2321.850691999998,33.16929559999998,33.16929559999998
os.gpx,7,3079,23830,12.920688208140998,16.0,15.572245570446718,-0.427754429553282,0.427754429553282,2.6734651847080126,-2.6734651847080126,7000.0,8899.278499999993,1899.278499999993,1899.278499999993,27.1325499999999,27.1325499999999
os.gpx,8,2711,23830,11.376416281997482,16.0,15.421228406210087,-0.5787715937899129,0.5787715937899129,3.617322461186956,-3.617322461186956,7000.0,8721.785055999988,1721.785055999988,1721.785055999988,24.5969293714284,24.5969293714284
os.gpx,9,2393,23830,10.041963911036508,16.0,15.075105938235348,-0.9248940617646522,0.9248940617646522,5.7805878860290765,-5.7805878860290765,7000.0,8474.409720000001,1474.4097200000015,1474.4097200000015,21.06299600000002,21.06299600000002
os.gpx,10,2144,23830,8.997062526227445,16.0,14.898138239536419,-1.1018617604635814,1.1018617604635814,6.886636002897384,-6.886636002897384,7000.0,8373.687932000008,1373.687932000008,1373.687932000008,19.62411331428583,19.62411331428583
os.gpx,11,1948,23830,8.174569869911876,16.0,14.794533584844814,-1.2054664151551862,1.2054664151551862,7.5341650947199135,-7.5341650947199135,7000.0,8135.827031999993,1135.8270319999929,1135.8270319999929,16.226100457142756,16.226100457142756
os.gpx,12,1782,23830,7.4779689467058335,16.0,14.62570124659331,-1.3742987534066895,1.3742987534066895,8.58936720879181,-8.58936720879181,7000.0,8060.3677119999975,1060.3677119999975,1060.3677119999975,15.148110171428536,15.148110171428536
os.gpx,13,1648,23830,6.915652538816618,16.0,14.490700744042098,-1.5092992559579024,1.5092992559579024,9.433120349736889,-9.433120349736889,7000.0,7977.362460000001,977.3624600000012,977.3624600000012,13.962320857142874,13.962320857142874
os.gpx,14,1529,23830,6.416281997482165,16.0,14.416905513070963,-1.5830944869290366,1.5830944869290366,9.894340543306479,-9.894340543306479,7000.0,7654.199720000003,654.1997200000033,654.1997200000033,9.345710285714333,9.345710285714333
os.gpx,15,1416,23830,5.942089802769618,16.0,14.227895668869463,-1.772104331130537,1.772104331130537,11.075652069565855,-11.075652069565855,7000.0,7492.126224,492.12622399999964,492.12622399999964,7.030374628571423,7.030374628571423
os.gpx,16,1331,23830,5.585396558959295,16.0,14.18852422153457,-1.8114757784654305,1.8114757784654305,11.32172361540894,-11.32172361540894,7000.0,7798.228596,798.2285959999999,798.2285959999999,11.403265657142857,11.403265657142857
os.gpx,17,1255,23830,5.2664708350818294,16.0,14.176987629133716,-1.8230123708662838,1.8230123708662838,11.393827317914273,-11.393827317914273,7000.0,7631.890008000001,631.8900080000012,631.8900080000012,9.02700011428573,9.02700011428573
os.gpx,18,1177,23830,4.9391523289970625,16.0,14.032795129110017,-1.967204870889983,1.967204870889983,12.295030443062394,-12.295030443062394,7000.0,7562.008116,562.008116,562.008116,8.028687371428571,8.028687371428571
os.gpx,19,1109,23830,4.653797733948804,16.0,13.918121504516222,-2.081878495483778,2.081878495483778,13.011740596773613,-13.011740596773613,7000.0,7578.084232,578.0842320000002,578.0842320000002,8.258346171428574,8.258346171428574
os.gpx,20,1053,23830,4.418799832144356,16.0,13.84501254603276,-2.154987453967239,2.154987453967239,13.468671587295244,-13.468671587295244,7000.0,7696.85064,696.8506399999997,696.8506399999997,9.955009142857138,9.955009142857138
os.gpx,21,999,23830,4.192194712547209,16.0,13.774499293413855,-2.2255007065861445,2.2255007065861445,13.909379416163404,-13.909379416163404,7000.0,7732.611796,732.6117960000001,732.6117960000001,10.465882800000003,10.465882800000003
os.gpx,22,955,23830,4.007553503986571,16.0,13.757184957064975,-2.2428150429350246,2.2428150429350246,14.017594018343903,-14.017594018343903,7000.0,7736.876888,736.8768879999998,736.8768879999998,10.526812685714283,10.526812685714283
os.gpx,23,914,23830,3.8355014687368865,16.0,13.722223160956927,-2.2777768390430726,2.2777768390430726,14.236105244019203,-14.236105244019203,7000.0,7624.67216,624.6721600000001,624.6721600000001,8.923888,8.923888
os.gpx,24,874,23830,3.667645824590852,16.0,13.66304249717446,-2.3369575028255394,2.3369575028255394,14.605984392659622,-14.605984392659622,7000.0,7458.333572000005,458.333572000005,458.333572000005,6.547622457142929,6.547622457142929
os.gpx,25,835,23830,3.5039865715484684,16.0,13.597026360586739,-2.4029736394132613,2.4029736394132613,15.018585246332883,-15.018585246332883,7000.0,7516.732524,516.732524,516.732524,7.3818932,7.3818932
os.gpx,26,806,23830,3.382291229542593,16.0,13.595435938357271,-2.404564061642729,2.404564061642729,15.028525385267056,-15.028525385267056,7000.0,7448.162968,448.16296799999964,448.16296799999964,6.402328114285709,6.402328114285709
os.gpx,27,775,23830,3.252203105329417,16.0,13.535008904754074,-2.464991095245926,2.464991095245926,15.40619434528704,-15.40619434528704,7000.0,7357.283700000006,357.2837000000063,357.2837000000063,5.104052857142947,5.104052857142947
os.gpx,28,742,23830,3.1137221989089383,16.0,13.43966342176294,-2.5603365782370595,2.5603365782370595,16.00210361398162,-16.00210361398162,7000.0,7355.971364,355.971364,355.971364,5.0853052,5.0853052
os.gpx,29,715,23830,3.000419639110365,16.0,13.399912505844515,-2.600087494155485,2.600087494155485,16.25054683847178,-16.25054683847178,7000.0,7255.249576000005,255.2495760000047,255.2495760000047,3.646422514285782,3.646422514285782
os.gpx,30,694,23830,2.912295425933697,16.0,13.431404359994838,-2.568595640005162,2.568595640005162,16.05372275003226,-16.05372275003226,7000.0,7209.973984000001,209.9739840000011,209.9739840000011,2.9996283428571586,2.9996283428571586
exum.gpx,0,55146,55146,100.0,16.0,19.475549951009043,3.475549951009043,3.475549951009043,21.72218719380652,21.72218719380652,7000.0,45582.67862399963,38582.67862399963,38582.67862399963,551.1811231999947,551.1811231999947
exum.gpx,1,15984,55146,28.984876509628986,16.0,15.680601519234814,-0.3193984807651855,0.3193984807651855,1.9962405047824094,-1.9962405047824094,7000.0,34091.20843999983,27091.208439999828,27091.208439999828,387.0172634285689,387.0172634285689
exum.gpx,2,7929,55146,14.37819606136438,16.0,13.151643112763859,-2.8483568872361413,2.8483568872361413,17.802230545225882,-17.802230545225882,7000.0,25509.843335999944,18509.843335999944,18509.843335999944,264.42633337142775,264.42633337142775
exum.gpx,3,5207,55146,9.442207957059443,16.0,11.5620980314959,-4.4379019685041,4.4379019685041,27.736887303150624,-27.736887303150624,7000.0,19740.814279999944,12740.814279999944,12740.814279999944,182.01163257142778,182.01163257142778
exum.gpx,4,3678,55146,6.669568055706669,16.0,10.640126071111407,-5.359873928888593,5.359873928888593,33.499212055553706,-33.499212055553706,7000.0,16571.194755999957,9571.194755999957,9571.194755999957,136.73135365714225,136.73135365714225
exum.gpx,5,2804,55146,5.084684292605084,16.0,9.846946448203804,-6.153053551796196,6.153053551796196,38.456584698726225,-38.456584698726225,7000.0,13908.465011999997,6908.465011999997,6908.465011999997,98.69235731428567,98.69235731428567
exum.gpx,6,2294,55146,4.15986653610416,16.0,9.491016707888543,-6.508983292111457,6.508983292111457,40.68114557569661,-40.68114557569661,7000.0,12823.491223999989,5823.4912239999885,5823.4912239999885,83.19273177142841,83.19273177142841
exum.gpx,7,1923,55146,3.487106952453487,16.0,9.147222375196433,-6.852777624803567,6.852777624803567,42.829860155022295,-42.829860155022295,7000.0,11790.026623999984,4790.026623999984,4790.026623999984,68.42895177142833,68.42895177142833
exum.gpx,8,1636,55146,2.9666702934029665,16.0,8.813447675008808,-7.186552324991192,7.186552324991192,44.91595203119495,-44.91595203119495,7000.0,11078.084344000003,4078.0843440000026,4078.0843440000026,58.25834777142861,58.25834777142861
exum.gpx,9,1428,55146,2.5894897182025893,16.0,8.591203492859501,-7.408796507140499,7.408796507140499,46.30497816962812,-46.30497816962812,7000.0,10212.598751999996,3212.5987519999962,3212.5987519999962,45.89426788571423,45.89426788571423
exum.gpx,10,1276,55146,2.313857759402314,16.0,8.445294118878916,-7.554705881121084,7.554705881121084,47.21691175700678,-47.21691175700678,7000.0,9967.848087999999,2967.848087999999,2967.848087999999,42.39782982857141,42.39782982857141
exum.gpx,11,1146,55146,2.078119899902078,16.0,8.281052243202325,-7.718947756797675,7.718947756797675,48.243423479985466,-48.243423479985466,7000.0,9161.089531999998,2161.089531999998,2161.089531999998,30.87270759999997,30.87270759999997
exum.gpx,12,1036,55146,1.8786494034018786,16.0,8.153720863632449,-7.846279136367551,7.846279136367551,49.039244602297195,-49.039244602297195,7000.0,8978.674827999988,1978.6748279999883,1978.6748279999883,28.26678325714269,28.26678325714269
exum.gpx,13,940,55146,1.7045660610017044,16.0,7.967863715183011,-8.032136284816989,8.032136284816989,50.200851780106184,-50.200851780106184,7000.0,8435.03964,1435.0396400000009,1435.0396400000009,20.500566285714296,20.500566285714296
exum.gpx,14,865,55146,1.5685634497515686,16.0,7.883330118015363,-8.116669881984638,8.116669881984638,50.72918676240399,-50.72918676240399,7000.0,8142.716796000001,1142.7167960000006,1142.7167960000006,16.324525657142868,16.324525657142868
exum.gpx,15,802,55146,1.4543212563014543,16.0,7.789641393162094,-8.210358606837907,8.210358606837907,51.31474129273692,-51.31474129273692,7000.0,8023.29422,1023.2942199999998,1023.2942199999998,14.618488857142854,14.618488857142854
exum.gpx,16,752,55146,1.3636528488013637,16.0,7.7736192725022395,-8.22638072749776,8.22638072749776,51.414879546861,-51.414879546861,7000.0,8124.016007999998,1124.0160079999978,1124.0160079999978,16.05737154285711,16.05737154285711
exum.gpx,17,704,55146,1.2766111776012767,16.0,7.720219020144695,-8.279780979855305,8.279780979855305,51.74863112409566,-51.74863112409566,7000.0,7860.564556,860.5645560000003,860.5645560000003,12.293779371428576,12.293779371428576
exum.gpx,18,663,55146,1.2022630834512023,16.0,7.671890941736732,-8.32810905826327,8.32810905826327,52.05068161414543,-52.05068161414543,7000.0,8077.428079999992,1077.4280799999924,1077.4280799999924,15.391829714285606,15.391829714285606
exum.gpx,19,616,55146,1.1170347804011171,16.0,7.5185778820517415,-8.48142211794826,8.48142211794826,53.00888823717662,-53.00888823717662,7000.0,7830.052744,830.0527439999996,830.0527439999996,11.857896342857137,11.857896342857137
exum.gpx,20,583,55146,1.0571936314510573,16.0,7.476093588327502,-8.523906411672499,8.523906411672499,53.27441507295312,-53.27441507295312,7000.0,7447.506800000003,447.50680000000284,447.50680000000284,6.3929542857143264,6.3929542857143264
exum.gpx,21,555,55146,1.0064193232510064,16.0,7.463735191652555,-8.536264808347445,8.536264808347445,53.35165505217153,-53.35165505217153,7000.0,7504.265331999997,504.2653319999972,504.2653319999972,7.203790457142817,7.203790457142817
exum.gpx,22,525,55146,0.952018278750952,16.0,7.384401725454915,-8.615598274545086,8.615598274545086,53.84748921590678,-53.84748921590678,7000.0,7602.690531999996,602.690531999996,602.690531999996,8.609864742857086,8.609864742857086
exum.gpx,23,503,55146,0.9121241794509122,16.0,7.376563879233671,-8.623436120766328,8.623436120766328,53.89647575478955,-53.89647575478955,7000.0,7470.472679999998,470.47267999999804,470.47267999999804,6.721038285714258,6.721038285714258
exum.gpx,24,481,55146,0.8722300801508722,16.0,7.34842534994596,-8.651574650054041,8.651574650054041,54.07234156283776,-54.07234156283776,7000.0,7353.346692000001,353.346692000001,353.346692000001,5.047809885714299,5.047809885714299
exum.gpx,25,457,55146,0.8287092445508287,16.0,7.277730502588229,-8.722269497411771,8.722269497411771,54.51418435882357,-54.51418435882357,7000.0,7176.181331999997,176.18133199999738,176.18133199999738,2.516876171428534,2.516876171428534
exum.gpx,26,436,55146,0.7906285134007907,16.0,7.207516838695011,-8.79248316130499,8.79248316130499,54.95301975815619,-54.95301975815619,7000.0,7283.792883999997,283.7928839999968,283.7928839999968,4.054184057142811,4.054184057142811
exum.gpx,27,419,55146,0.7598012548507598,16.0,7.177760213606583,-8.822239786393418,8.822239786393418,55.13899866495886,-55.13899866495886,7000.0,7315.945115999997,315.94511599999714,315.94511599999714,4.513501657142816,4.513501657142816
exum.gpx,28,403,55146,0.7307873644507308,16.0,7.165470447136513,-8.834529552863486,8.834529552863486,55.215809705396794,-55.215809705396794,7000.0,7112.533035999994,112.53303599999435,112.53303599999435,1.6076147999999193,1.6076147999999193
exum.gpx,29,389,55146,0.7054002103507053,16.0,7.149653355702637,-8.850346644297364,8.850346644297364,55.314666526858524,-55.314666526858524,7000.0,7109.252195999998,109.25219599999764,109.25219599999764,1.5607456571428233,1.5607456571428233
exum.gpx,30,379,55146,0.6872665288506873,16.0,7.199344538178403,-8.800655461821597,8.800655461821597,55.00409663638498,-55.00409663638498,7000.0,7125.328312000001,125.32831200000055,125.32831200000055,1.7904044571428652,1.7904044571428652
teewinot.gpx,0,33970,33970,100.0,7.0,12.572707861290803,5.572707861290803,5.572707861290803,79.61011230415434,79.61011230415434,5700.0,12481.627696000003,6781.627696000003,6781.627696000003,118.97592449122814,118.97592449122814
teewinot.gpx,1,11456,33970,33.7238740064763,7.0,11.038664395360588,4.038664395360588,4.038664395360588,57.6952056480084,57.6952056480084,5700.0,10064.96095200001,4364.96095200001,4364.96095200001,76.57826231578966,76.57826231578966
teewinot.gpx,2,6108,33970,17.980571092140124,7.0,10.071370070817729,3.0713700708177285,3.0713700708177285,43.876715297396125,43.876715297396125,5700.0,8929.790312000003,3229.790312000003,3229.790312000003,56.66298792982462,56.66298792982462
teewinot.gpx,3,4235,33970,12.466882543420665,7.0,9.489228547506842,2.4892285475068423,2.4892285475068423,35.56040782152632,35.56040782152632,5700.0,8116.798159999991,2416.798159999991,2416.798159999991,42.39996771929809,42.39996771929809
teewinot.gpx,4,3136,33970,9.231675007359435,7.0,9.113333696861392,2.1133336968613925,2.1133336968613925,30.19048138373418,30.19048138373418,5700.0,7676.181347999994,1976.1813479999937,1976.1813479999937,34.669848210526204,34.669848210526204
teewinot.gpx,5,2492,33970,7.335884604062408,7.0,8.835271887577514,1.8352718875775142,1.8352718875775142,26.21816982253592,26.21816982253592,5700.0,7193.2417,1493.2416999999996,1493.2416999999996,26.197222807017535,26.197222807017535
teewinot.gpx,6,2040,33970,6.0052987930526935,7.0,8.571158375621536,1.5711583756215362,1.5711583756215362,22.44511965173623,22.44511965173623,5700.0,6963.582899999992,1263.5828999999922,1263.5828999999922,22.16812105263144,22.16812105263144
teewinot.gpx,7,1754,33970,5.163379452458051,7.0,8.438411321240576,1.4384113212405758,1.4384113212405758,20.548733160579655,20.548733160579655,5700.0,6850.722003999997,1150.7220039999966,1150.7220039999966,20.188105333333272,20.188105333333272
teewinot.gpx,8,1525,33970,4.489255225198704,7.0,8.288954730135613,1.2889547301356128,1.2889547301356128,18.413639001937327,18.413639001937327,5700.0,6657.808611999993,957.8086119999934,957.8086119999934,16.80365985964901,16.80365985964901
teewinot.gpx,9,1338,33970,3.9387695025022076,7.0,8.131963582984726,1.131963582984726,1.131963582984726,16.17090832835323,16.17090832835323,5700.0,6631.233807999998,931.2338079999981,931.2338079999981,16.337435228070145,16.337435228070145
teewinot.gpx,10,1196,33970,3.5207536061230496,7.0,8.005089966321735,1.0050899663217354,1.0050899663217354,14.358428090310507,14.358428090310507,5700.0,6530.51202,830.5120200000001,830.5120200000001,14.570386315789477,14.570386315789477
teewinot.gpx,11,1089,33970,3.2057697968795997,7.0,7.9615953284757035,0.9615953284757035,0.9615953284757035,13.73707612108148,13.73707612108148,5700.0,6223.425395999996,523.425395999996,523.425395999996,9.182901684210456,9.182901684210456
teewinot.gpx,12,973,33970,2.8642920223726818,7.0,7.748368120418847,0.7483681204188466,0.7483681204188466,10.690973148840666,10.690973148840666,5700.0,6152.559251999997,452.5592519999973,452.5592519999973,7.939635999999953,7.939635999999953
teewinot.gpx,13,889,33970,2.6170150132469825,7.0,7.635808287869319,0.6358082878693194,0.6358082878693194,9.082975540990278,9.082975540990278,5700.0,6281.824347999999,581.8243479999992,581.8243479999992,10.20744470175437,10.20744470175437
teewinot.gpx,14,830,33970,2.4433323520753607,7.0,7.637164904678769,0.6371649046787686,0.6371649046787686,9.102355781125267,9.102355781125267,5700.0,6235.564503999998,535.5645039999981,535.5645039999981,9.395868491228038,9.395868491228038
teewinot.gpx,15,761,33970,2.2402119517221077,7.0,7.482691552378756,0.48269155237875605,0.48269155237875605,6.8955936054108005,6.8955936054108005,5700.0,5963.254783999995,263.2547839999952,263.2547839999952,4.618504982456056,4.618504982456056
teewinot.gpx,16,702,33970,2.0665292905504855,7.0,7.3446488724135754,0.34464887241357545,0.34464887241357545,4.923555320193935,4.923555320193935,5700.0,5821.194412000001,121.19441200000074,121.19441200000074,2.126217754385978,2.126217754385978
teewinot.gpx,17,655,33970,1.9281719163968207,7.0,7.284675484535004,0.28467548453500413,0.28467548453500413,4.066792636214345,4.066792636214345,5700.0,5892.716724000004,192.71672400000443,192.71672400000443,3.3809951578948145,3.3809951578948145
teewinot.gpx,18,619,33970,1.8221960553429495,7.0,7.241346797038684,0.241346797038684,0.241346797038684,3.447811386266914,3.447811386266914,5700.0,5870.078928000001,170.07892800000081,170.07892800000081,2.9838408421052773,2.9838408421052773
teewinot.gpx,19,589,33970,1.733882837798057,7.0,7.24312201440932,0.24312201440931958,0.24312201440931958,3.4731716344188515,3.4731716344188515,5700.0,5819.225907999999,119.22590799999944,119.22590799999944,2.0916825964912182,2.0916825964912182
teewinot.gpx,20,552,33970,1.624963202826023,7.0,7.143970660732601,0.14397066073260056,0.14397066073260056,2.0567237247514365,2.0567237247514365,5700.0,5850.721972000002,150.7219720000021,150.7219720000021,2.6442451228070545,2.6442451228070545
teewinot.gpx,21,529,33970,1.557256402708272,7.0,7.189656629428323,0.18965662942832306,0.18965662942832306,2.709380420404615,2.709380420404615,5700.0,5825.459504000001,125.45950400000129,125.45950400000129,2.2010439298245843,2.2010439298245843
teewinot.gpx,22,502,33970,1.4777745069178687,7.0,7.136659294389321,0.13665929438932078,0.13665929438932078,1.9522756341331542,1.9522756341331542,5700.0,5804.462128000001,104.46212800000103,104.46212800000103,1.8326689122807198,1.8326689122807198
teewinot.gpx,23,477,33970,1.4041801589637917,7.0,7.07535749199467,0.07535749199467023,0.07535749199467023,1.0765355999238604,1.0765355999238604,5700.0,5837.598612000001,137.59861200000068,137.59861200000068,2.4140107368421173,2.4140107368421173
teewinot.gpx,24,459,33970,1.351192228436856,7.0,7.0868727005774295,0.08687270057742946,0.08687270057742946,1.2410385796775638,1.2410385796775638,5700.0,5891.076304000001,191.07630400000107,191.07630400000107,3.3522158596491414,3.3522158596491414
teewinot.gpx,25,431,33970,1.2687665587282897,7.0,6.917447440408487,-0.08255255959151331,0.08255255959151331,1.1793222798787615,-1.1793222798787615,5700.0,5916.338771999999,216.33877199999915,216.33877199999915,3.795417052631564,3.795417052631564
teewinot.gpx,26,409,33970,1.204003532528702,7.0,6.8289303152073995,-0.17106968479260054,0.17106968479260054,2.4438526398942932,-2.4438526398942932,5700.0,5819.553992,119.55399200000011,119.55399200000011,2.0974384561403525,2.0974384561403525
teewinot.gpx,27,400,33970,1.177509567265234,7.0,6.926810552575275,-0.073189447424725,0.073189447424725,1.0455635346389285,-1.0455635346389285,5700.0,5885.498876000001,185.49887600000056,185.49887600000056,3.254366245614045,3.254366245614045
teewinot.gpx,28,381,33970,1.1215778628201354,7.0,6.836498973242591,-0.16350102675740885,0.16350102675740885,2.335728953677269,-2.335728953677269,5700.0,5783.792836000001,83.79283600000144,83.79283600000144,1.4700497543859903,1.4700497543859903
teewinot.gpx,29,368,33970,1.0833088018840153,7.0,6.8089425788776765,-0.1910574211223235,0.1910574211223235,2.729391730318907,-2.729391730318907,5700.0,5834.645856,134.6458560000001,134.6458560000001,2.3622080000000016,2.3622080000000016
teewinot.gpx,30,354,33970,1.042095967029732,7.0,6.79870306231156,-0.20129693768843993,0.20129693768843993,2.875670538406285,-2.875670538406285,5700.0,5856.955568000001,156.95556800000122,156.95556800000122,2.7536064561403726,2.7536064561403726
